SN,ON_HOURS,NUM_OF_POWER_ONS,EXPECTED_MOTOR_ROTATIONS,SUPPOSED_MOTOR_ROTATIONS,ACTIVE_MILLING_HOURS,LCS_MAX,DAYS OFFLINE,DAYS SINCE VISIT,DAYS OFFLINE (LIVE),CATEGORY
17010091,4.97,1.0,48.0,47.0,0.11,14.0,200.0,277.0,209.0,
17010091,2.71,1.0,76.0,984.0,1.73,14.0,200.0,277.0,209.0,
17010091,3.22,1.0,501.0,38.0,1.73,14.0,200.0,277.0,209.0,
17010091,3.22,1.0,962.0,962.0,1.74,14.0,200.0,277.0,209.0,
17010091,3.11,1.0,983.0,984.0,1.74,14.0,200.0,277.0,209.0,
17010091,2.61,1.0,51.0,51.0,1.46,14.0,200.0,277.0,209.0,
17010091,0.33,1.0,87.0,87.0,0.33,14.0,200.0,277.0,209.0,
17010091,1.18,1.0,999.0,998.0,1.18,15.0,200.0,277.0,209.0,
17010091,1.79,1.0,9.0,9.0,1.18,14.0,200.0,277.0,209.0,
17010091,1.79,1.0,801.0,840.0,0.82,15.0,200.0,277.0,209.0,
17010091,8.27,1.0,801.0,999.0,7.89,15.0,200.0,277.0,209.0,
17010091,8.27,1.0,922.0,922.0,7.89,14.0,200.0,277.0,209.0,
17010091,3.73,1.0,981.0,981.0,3.59,15.0,200.0,277.0,209.0,
17010091,3.73,1.0,59.0,60.0,3.59,15.0,200.0,277.0,209.0,
17010091,4.45,1.0,117.0,117.0,0.15,15.0,200.0,277.0,209.0,
17010091,4.45,1.0,117.0,117.0,0.15,15.0,200.0,277.0,209.0,
17010091,4.45,1.0,966.0,966.0,1.39,15.0,200.0,277.0,209.0,
17010091,1.7,1.0,947.0,946.0,1.67,15.0,200.0,277.0,209.0,
17010091,3.23,1.0,1.0,1.0,0.01,15.0,200.0,277.0,209.0,
17010091,3.23,1.0,1.0,1.0,0.01,15.0,200.0,277.0,209.0,
17010091,5.23,1.0,99.0,99.0,4.98,15.0,200.0,277.0,209.0,
17010091,6.17,1.0,881.0,921.0,6.13,15.0,200.0,277.0,209.0,
17010091,3.37,1.0,74.0,4366.0,3.36,15.0,200.0,277.0,209.0,
17010091,6.76,1.0,925.0,934.0,4.27,15.0,200.0,277.0,209.0,
17010091,6.76,1.0,4385.0,5476.0,4.27,15.0,200.0,277.0,209.0,
17010091,4.32,1.0,99.0,941.0,3.82,15.0,200.0,277.0,209.0,
17010091,6.03,1.0,898.0,942.0,4.77,15.0,200.0,277.0,209.0,
17010091,6.03,1.0,980.0,980.0,4.77,15.0,200.0,277.0,209.0,
17010091,2.27,1.0,84.0,629.0,2.25,15.0,200.0,277.0,209.0,
17010091,1.68,1.0,790.0,790.0,0.74,15.0,200.0,277.0,209.0,
17010091,1.68,1.0,790.0,790.0,0.74,15.0,200.0,277.0,209.0,
17010091,0.59,1.0,4.0,4.0,0.01,15.0,200.0,277.0,209.0,
17010091,0.83,1.0,8.0,8.0,0.08,15.0,200.0,277.0,209.0,
17010091,2.21,1.0,0.0,3.0,0.01,15.0,200.0,277.0,209.0,
17010091,2.21,1.0,4.0,4.0,0.01,15.0,200.0,277.0,209.0,
17010091,4.97,1.0,48.0,47.0,0.11,14.0,200.0,277.0,209.0,
17010091,2.71,1.0,76.0,984.0,1.73,14.0,200.0,277.0,209.0,
17010091,3.22,1.0,501.0,38.0,1.73,14.0,200.0,277.0,209.0,
17010091,3.22,1.0,962.0,962.0,1.74,14.0,200.0,277.0,209.0,
17010091,3.11,1.0,983.0,984.0,1.74,14.0,200.0,277.0,209.0,
17010091,2.61,1.0,51.0,51.0,1.46,14.0,200.0,277.0,209.0,
17010091,0.33,1.0,87.0,87.0,0.33,14.0,200.0,277.0,209.0,
17010091,1.18,1.0,999.0,998.0,1.18,15.0,200.0,277.0,209.0,
17010091,1.79,1.0,9.0,9.0,1.18,14.0,200.0,277.0,209.0,
17010091,1.79,1.0,801.0,840.0,0.82,15.0,200.0,277.0,209.0,
17010091,8.27,1.0,801.0,999.0,7.89,15.0,200.0,277.0,209.0,
17010091,8.27,1.0,922.0,922.0,7.89,14.0,200.0,277.0,209.0,
17010091,3.73,1.0,981.0,981.0,3.59,15.0,200.0,277.0,209.0,
17010091,3.73,1.0,59.0,60.0,3.59,15.0,200.0,277.0,209.0,
17010091,4.45,1.0,117.0,117.0,0.15,15.0,200.0,277.0,209.0,
17010091,4.45,1.0,117.0,117.0,0.15,15.0,200.0,277.0,209.0,
17010091,4.45,1.0,966.0,966.0,1.39,15.0,200.0,277.0,209.0,
17010091,1.7,1.0,947.0,946.0,1.67,15.0,200.0,277.0,209.0,
17010091,3.23,1.0,1.0,1.0,0.01,15.0,200.0,277.0,209.0,
17010091,3.23,1.0,1.0,1.0,0.01,15.0,200.0,277.0,209.0,
17010091,5.23,1.0,99.0,99.0,4.98,15.0,200.0,277.0,209.0,
17010091,6.17,1.0,881.0,921.0,6.13,15.0,200.0,277.0,209.0,
17010091,3.37,1.0,74.0,4366.0,3.36,15.0,200.0,277.0,209.0,
17010091,6.76,1.0,925.0,934.0,4.27,15.0,200.0,277.0,209.0,
17010091,6.76,1.0,4385.0,5476.0,4.27,15.0,200.0,277.0,209.0,
17010091,4.32,1.0,99.0,941.0,3.82,15.0,200.0,277.0,209.0,
17010091,6.03,1.0,898.0,942.0,4.77,15.0,200.0,277.0,209.0,
17010091,6.03,1.0,980.0,980.0,4.77,15.0,200.0,277.0,209.0,
17010091,2.27,1.0,84.0,629.0,2.25,15.0,200.0,277.0,209.0,
17010091,1.68,1.0,790.0,790.0,0.74,15.0,200.0,277.0,209.0,
17010091,1.68,1.0,790.0,790.0,0.74,15.0,200.0,277.0,209.0,
17010091,0.59,1.0,4.0,4.0,0.01,15.0,200.0,277.0,209.0,
17010091,0.83,1.0,8.0,8.0,0.08,15.0,200.0,277.0,209.0,
17010091,2.21,1.0,0.0,3.0,0.01,15.0,200.0,277.0,209.0,
17010091,2.21,1.0,4.0,4.0,0.01,15.0,200.0,277.0,209.0,
17020139,5.66,1.0,94.0,96.0,0.98,15.0,1525.0,656.0,1534.0,
17020142,2.48,1.0,94.0,94.0,0.24,7.0,104.0,105.0,113.0,
17020142,2.48,1.0,94.0,94.0,0.12,15.0,104.0,105.0,113.0,
17020142,2.64,1.0,4.0,48.0,0.43,15.0,104.0,105.0,113.0,
17020142,2.64,1.0,475.0,48.0,0.43,15.0,104.0,105.0,113.0,
17020142,0.67,1.0,8.0,67.0,0.33,15.0,104.0,105.0,113.0,
17020142,0.67,1.0,9.0,9.0,0.11,15.0,104.0,105.0,113.0,
17020142,2.05,1.0,9.0,9.0,2.05,15.0,104.0,105.0,113.0,
17020142,2.05,1.0,99.0,99.0,2.05,15.0,104.0,105.0,113.0,
17020142,2.14,1.0,915.0,917.0,2.13,15.0,104.0,105.0,113.0,
17020142,2.82,1.0,987.0,988.0,2.77,15.0,104.0,105.0,113.0,
17020142,2.82,1.0,987.0,988.0,2.77,15.0,104.0,105.0,113.0,
17020142,2.4,1.0,94.0,94.0,2.26,15.0,104.0,105.0,113.0,
17020142,1.62,1.0,93.0,93.0,1.62,15.0,104.0,105.0,113.0,
17020142,1.62,1.0,63.0,63.0,1.62,15.0,104.0,105.0,113.0,
17020142,2.3,1.0,703.0,703.0,2.24,15.0,104.0,105.0,113.0,
17020142,2.3,1.0,703.0,703.0,2.24,15.0,104.0,105.0,113.0,
17020142,1.87,1.0,93.0,93.0,1.7,15.0,104.0,105.0,113.0,
17020142,1.87,1.0,573.0,573.0,1.7,15.0,104.0,105.0,113.0,
17020142,1.87,1.0,76.0,77.0,1.7,15.0,104.0,105.0,113.0,
17020142,2.13,1.0,96.0,93.0,2.05,7.0,104.0,105.0,113.0,
17020142,2.13,1.0,96.0,866.0,2.05,7.0,104.0,105.0,113.0,
17020142,1.1,1.0,53.0,784.0,1.02,7.0,104.0,105.0,113.0,
17020142,1.08,1.0,253.0,784.0,0.65,7.0,104.0,105.0,113.0,
17020142,0.24,1.0,22.0,77.0,0.19,7.0,104.0,105.0,113.0,
17020142,0.75,1.0,99.0,62.0,0.35,7.0,104.0,105.0,113.0,
17020142,0.93,1.0,58.0,680.0,0.46,7.0,104.0,105.0,113.0,
17020142,0.93,1.0,276.0,680.0,0.46,15.0,104.0,105.0,113.0,
17020142,0.93,1.0,41.0,680.0,0.47,7.0,104.0,105.0,113.0,
17020142,0.76,1.0,327.0,585.0,0.47,7.0,104.0,105.0,113.0,
17020142,1.36,1.0,36.0,90.0,0.23,7.0,104.0,105.0,113.0,
17020142,0.42,1.0,7.0,7.0,0.05,15.0,104.0,105.0,113.0,
17020142,9.92,1.0,621.0,621.0,0.98,15.0,104.0,105.0,113.0,
17020142,9.93,1.0,81.0,81.0,0.58,15.0,104.0,105.0,113.0,
17020142,10.62,1.0,321.0,321.0,0.58,15.0,104.0,105.0,113.0,
17020142,9.96,1.0,4.0,4.0,0.11,15.0,104.0,105.0,113.0,
17020142,9.96,1.0,1.0,1.0,0.07,15.0,104.0,105.0,113.0,
17020142,9.97,1.0,2.0,2.0,0.06,15.0,104.0,105.0,113.0,
17020142,9.97,1.0,2.0,2.0,0.06,15.0,104.0,105.0,113.0,
17020142,9.93,1.0,2.0,2.0,0.06,15.0,104.0,105.0,113.0,
17020142,9.91,1.0,1.0,1.0,0.08,15.0,104.0,105.0,113.0,
17020142,9.96,1.0,1.0,1.0,0.07,15.0,104.0,105.0,113.0,
17020142,9.96,1.0,0.0,0.0,0.09,15.0,104.0,105.0,113.0,
17020142,9.94,1.0,1.0,1.0,0.12,15.0,104.0,105.0,113.0,
17020142,9.99,1.0,3.0,3.0,0.12,15.0,104.0,105.0,113.0,
17020142,9.93,1.0,5.0,5.0,0.09,15.0,104.0,105.0,113.0,
17020142,6.3,1.0,5.0,5.0,0.09,15.0,104.0,105.0,113.0,
17020142,9.99,1.0,1.0,1.0,0.07,15.0,104.0,105.0,113.0,
17020142,0.16,1.0,269.0,269.0,0.09,15.0,104.0,105.0,113.0,
17020142,0.16,1.0,31.0,31.0,0.09,15.0,104.0,105.0,113.0,
17020142,0.07,1.0,31.0,31.0,0.04,15.0,104.0,105.0,113.0,
17020142,0.16,1.0,594.0,594.0,0.14,15.0,104.0,105.0,113.0,
17020142,0.16,1.0,594.0,594.0,0.14,15.0,104.0,105.0,113.0,
17020142,0.34,1.0,594.0,594.0,0.14,15.0,104.0,105.0,113.0,
17020142,2.48,1.0,94.0,94.0,0.24,7.0,104.0,105.0,113.0,
17020142,2.48,1.0,94.0,94.0,0.12,15.0,104.0,105.0,113.0,
17020142,2.64,1.0,4.0,48.0,0.43,15.0,104.0,105.0,113.0,
17020142,2.64,1.0,475.0,48.0,0.43,15.0,104.0,105.0,113.0,
17020142,0.67,1.0,8.0,67.0,0.33,15.0,104.0,105.0,113.0,
17020142,0.67,1.0,9.0,9.0,0.11,15.0,104.0,105.0,113.0,
17020142,2.05,1.0,9.0,9.0,2.05,15.0,104.0,105.0,113.0,
17020142,2.05,1.0,99.0,99.0,2.05,15.0,104.0,105.0,113.0,
17020142,2.14,1.0,915.0,917.0,2.13,15.0,104.0,105.0,113.0,
17020142,2.82,1.0,987.0,988.0,2.77,15.0,104.0,105.0,113.0,
17020142,2.82,1.0,987.0,988.0,2.77,15.0,104.0,105.0,113.0,
17020142,2.4,1.0,94.0,94.0,2.26,15.0,104.0,105.0,113.0,
17020142,1.62,1.0,93.0,93.0,1.62,15.0,104.0,105.0,113.0,
17020142,1.62,1.0,63.0,63.0,1.62,15.0,104.0,105.0,113.0,
17020142,2.3,1.0,703.0,703.0,2.24,15.0,104.0,105.0,113.0,
17020142,2.3,1.0,703.0,703.0,2.24,15.0,104.0,105.0,113.0,
17020142,1.87,1.0,93.0,93.0,1.7,15.0,104.0,105.0,113.0,
17020142,1.87,1.0,573.0,573.0,1.7,15.0,104.0,105.0,113.0,
17020142,1.87,1.0,76.0,77.0,1.7,15.0,104.0,105.0,113.0,
17020142,2.13,1.0,96.0,93.0,2.05,7.0,104.0,105.0,113.0,
17020142,2.13,1.0,96.0,866.0,2.05,7.0,104.0,105.0,113.0,
17020142,1.1,1.0,53.0,784.0,1.02,7.0,104.0,105.0,113.0,
17020142,1.08,1.0,253.0,784.0,0.65,7.0,104.0,105.0,113.0,
17020142,0.24,1.0,22.0,77.0,0.19,7.0,104.0,105.0,113.0,
17020142,0.75,1.0,99.0,62.0,0.35,7.0,104.0,105.0,113.0,
17020142,0.93,1.0,58.0,680.0,0.46,7.0,104.0,105.0,113.0,
17020142,0.93,1.0,276.0,680.0,0.46,15.0,104.0,105.0,113.0,
17020142,0.93,1.0,41.0,680.0,0.47,7.0,104.0,105.0,113.0,
17020142,0.76,1.0,327.0,585.0,0.47,7.0,104.0,105.0,113.0,
17020142,1.36,1.0,36.0,90.0,0.23,7.0,104.0,105.0,113.0,
17020142,0.42,1.0,7.0,7.0,0.05,15.0,104.0,105.0,113.0,
17020142,9.92,1.0,621.0,621.0,0.98,15.0,104.0,105.0,113.0,
17020142,9.93,1.0,81.0,81.0,0.58,15.0,104.0,105.0,113.0,
17020142,10.62,1.0,321.0,321.0,0.58,15.0,104.0,105.0,113.0,
17020142,9.96,1.0,4.0,4.0,0.11,15.0,104.0,105.0,113.0,
17020142,9.96,1.0,1.0,1.0,0.07,15.0,104.0,105.0,113.0,
17020142,9.97,1.0,2.0,2.0,0.06,15.0,104.0,105.0,113.0,
17020142,9.97,1.0,2.0,2.0,0.06,15.0,104.0,105.0,113.0,
17020142,9.93,1.0,2.0,2.0,0.06,15.0,104.0,105.0,113.0,
17020142,9.91,1.0,1.0,1.0,0.08,15.0,104.0,105.0,113.0,
17020142,9.96,1.0,1.0,1.0,0.07,15.0,104.0,105.0,113.0,
17020142,9.96,1.0,0.0,0.0,0.09,15.0,104.0,105.0,113.0,
17020142,9.94,1.0,1.0,1.0,0.12,15.0,104.0,105.0,113.0,
17020142,9.99,1.0,3.0,3.0,0.12,15.0,104.0,105.0,113.0,
17020142,9.93,1.0,5.0,5.0,0.09,15.0,104.0,105.0,113.0,
17020142,6.3,1.0,5.0,5.0,0.09,15.0,104.0,105.0,113.0,
17020142,9.99,1.0,1.0,1.0,0.07,15.0,104.0,105.0,113.0,
17020142,0.16,1.0,269.0,269.0,0.09,15.0,104.0,105.0,113.0,
17020142,0.16,1.0,31.0,31.0,0.09,15.0,104.0,105.0,113.0,
17020142,0.07,1.0,31.0,31.0,0.04,15.0,104.0,105.0,113.0,
17020142,0.16,1.0,594.0,594.0,0.14,15.0,104.0,105.0,113.0,
17020142,0.16,1.0,594.0,594.0,0.14,15.0,104.0,105.0,113.0,
17020142,0.34,1.0,594.0,594.0,0.14,15.0,104.0,105.0,113.0,
17020151,8.8,1.0,984.0,983.0,8.73,3.0,38.0,12.0,47.0,
17020151,7.89,1.0,998.0,979.0,7.85,3.0,38.0,12.0,47.0,
17020151,4.7,1.0,981.0,995.0,4.65,3.0,38.0,12.0,47.0,
17020151,4.96,1.0,971.0,997.0,4.86,3.0,38.0,12.0,47.0,
17020151,2.3,1.0,967.0,973.0,2.3,3.0,38.0,12.0,47.0,
17020151,0.52,1.0,89.0,89.0,0.44,3.0,38.0,12.0,47.0,
17020151,0.76,1.0,67.0,67.0,0.75,3.0,38.0,12.0,47.0,
17020151,1.14,1.0,69.0,69.0,1.11,3.0,38.0,12.0,47.0,
17020151,0.83,1.0,85.0,87.0,0.3,3.0,38.0,12.0,47.0,
17020151,0.07,1.0,20.0,20.0,0.05,3.0,38.0,12.0,47.0,
17020151,0.5,1.0,99.0,90.0,0.49,3.0,38.0,12.0,47.0,
17020151,0.07,1.0,12.0,12.0,0.03,3.0,38.0,12.0,47.0,
17020151,0.68,1.0,89.0,72.0,0.39,3.0,38.0,12.0,47.0,
17020151,2.05,1.0,878.0,993.0,2.04,3.0,38.0,12.0,47.0,
17020151,0.33,1.0,6.0,6.0,0.1,3.0,38.0,12.0,47.0,
17020151,0.41,1.0,3.0,89.0,0.41,3.0,38.0,12.0,47.0,
17020151,0.83,1.0,75.0,97.0,0.78,3.0,38.0,12.0,47.0,
17020151,0.07,1.0,4.0,11.0,0.04,3.0,38.0,12.0,47.0,
17020151,0.07,1.0,20.0,26.0,0.07,3.0,38.0,12.0,47.0,
17020151,0.07,1.0,8.0,20.0,0.05,3.0,38.0,12.0,47.0,
17020151,1.56,1.0,74.0,55.0,0.29,3.0,38.0,12.0,47.0,
17020151,0.16,1.0,98.0,99.0,0.15,15.0,38.0,12.0,47.0,
17020151,2.56,1.0,987.0,987.0,2.56,15.0,38.0,12.0,47.0,
17020151,0.07,1.0,37.0,37.0,0.06,15.0,38.0,12.0,47.0,
17020151,0.07,1.0,17.0,18.0,0.04,15.0,38.0,12.0,47.0,
17020151,0.07,1.0,0.0,0.0,0.0,15.0,38.0,12.0,47.0,
17020151,0.41,1.0,1.0,1.0,0.04,15.0,38.0,12.0,47.0,
17020151,0.41,1.0,52.0,52.0,0.16,15.0,38.0,12.0,47.0,
17020151,0.33,1.0,73.0,73.0,0.33,15.0,38.0,12.0,47.0,
17020151,0.55,1.0,52.0,52.0,0.52,15.0,38.0,12.0,47.0,
17020151,1.7,1.0,999.0,999.0,1.7,15.0,38.0,12.0,47.0,
17020151,0.07,1.0,18.0,18.0,0.02,15.0,38.0,12.0,47.0,
17020151,4.45,1.0,0.0,0.0,0.0,15.0,38.0,12.0,47.0,
17020151,4.14,1.0,0.0,0.0,0.01,15.0,38.0,12.0,47.0,
17020151,4.02,1.0,0.0,0.0,0.0,15.0,38.0,12.0,47.0,
17020151,9.95,1.0,0.0,0.0,0.0,15.0,38.0,12.0,47.0,
17020151,7.38,1.0,0.0,0.0,0.0,15.0,38.0,12.0,47.0,
17020151,0.16,1.0,37.0,36.0,0.05,15.0,38.0,12.0,47.0,
17020151,7.04,1.0,0.0,0.0,0.0,15.0,38.0,12.0,47.0,
17020151,0.24,1.0,6.0,6.0,0.05,15.0,38.0,12.0,47.0,
17020151,9.96,1.0,0.0,0.0,0.01,15.0,38.0,12.0,47.0,
17020151,9.74,1.0,0.0,0.0,0.0,15.0,38.0,12.0,47.0,
17020151,9.97,1.0,50.0,51.0,0.13,15.0,38.0,12.0,47.0,
17020151,0.16,1.0,126.0,126.0,0.15,15.0,38.0,12.0,47.0,
17020151,9.95,1.0,0.0,0.0,0.0,15.0,38.0,12.0,47.0,
17020151,9.95,1.0,0.0,0.0,0.0,15.0,38.0,12.0,47.0,
17020151,14.49,1.0,369.0,369.0,0.62,15.0,38.0,12.0,47.0,
17020151,6.75,1.0,0.0,0.0,0.0,15.0,38.0,12.0,47.0,
17020151,9.95,1.0,56.0,57.0,0.22,15.0,38.0,12.0,47.0,
17020151,12.73,1.0,3.0,3.0,0.0,15.0,38.0,12.0,47.0,
17020151,0.24,1.0,56.0,56.0,0.24,15.0,38.0,12.0,47.0,
17020151,9.95,1.0,0.0,0.0,0.0,15.0,38.0,12.0,47.0,
17020151,9.95,1.0,0.0,0.0,0.0,15.0,38.0,12.0,47.0,
17020151,18.7,1.0,1.0,1.0,0.01,15.0,38.0,12.0,47.0,
17020151,9.96,1.0,34.0,34.0,0.05,15.0,38.0,12.0,47.0,
17020151,1.65,1.0,971.0,971.0,1.29,15.0,38.0,12.0,47.0,
17020151,6.89,1.0,971.0,971.0,1.29,15.0,38.0,12.0,47.0,
17020151,9.98,1.0,0.0,0.0,0.02,15.0,38.0,12.0,47.0,
17020151,7.01,1.0,413.0,413.0,0.61,15.0,38.0,12.0,47.0,
17020151,2.85,1.0,184.0,184.0,0.26,15.0,38.0,12.0,47.0,
17020151,18.66,1.0,0.0,0.0,0.0,15.0,38.0,12.0,47.0,
17020151,9.97,1.0,0.0,0.0,0.01,15.0,38.0,12.0,47.0,
17020151,9.97,1.0,0.0,0.0,0.01,15.0,38.0,12.0,47.0,
17020151,0.16,1.0,0.0,0.0,0.05,15.0,38.0,12.0,47.0,
18040173,0.76,1.0,86.0,86.0,0.25,15.0,46.0,46.0,0.0,
18040173,9.55,1.0,928.0,929.0,7.43,15.0,46.0,46.0,0.0,
18040173,7.34,1.0,989.0,989.0,6.13,15.0,46.0,46.0,0.0,
18040173,4.11,1.0,0.0,0.0,0.0,15.0,46.0,46.0,0.0,
18040173,9.79,1.0,0.0,0.0,0.0,15.0,46.0,46.0,0.0,
18040173,9.79,1.0,0.0,0.0,0.0,15.0,46.0,46.0,0.0,
18040173,1.45,1.0,72.0,72.0,0.16,15.0,46.0,46.0,0.0,
18040173,0.41,1.0,42.0,42.0,0.16,15.0,46.0,46.0,0.0,
18040173,0.16,1.0,66.0,66.0,0.1,15.0,46.0,46.0,0.0,
18040173,0.16,1.0,66.0,66.0,0.1,15.0,46.0,46.0,0.0,
18040173,4.19,1.0,60.0,60.0,0.12,15.0,46.0,46.0,0.0,
18040173,4.19,1.0,60.0,60.0,0.12,15.0,46.0,46.0,0.0,
18040173,5.81,1.0,41.0,41.0,0.09,15.0,46.0,46.0,0.0,
18040173,5.81,1.0,0.0,0.0,0.0,15.0,46.0,46.0,0.0,
18040173,1.19,1.0,0.0,0.0,0.0,15.0,46.0,46.0,0.0,
18040173,1.19,1.0,45.0,45.0,0.1,15.0,46.0,46.0,0.0,
18040173,5.17,1.0,45.0,45.0,0.1,15.0,46.0,46.0,0.0,
18040173,0.16,1.0,37.0,37.0,0.08,15.0,46.0,46.0,0.0,
18040173,0.24,1.0,37.0,37.0,0.08,15.0,46.0,46.0,0.0,
18040173,0.07,1.0,9.0,8.0,0.01,15.0,46.0,46.0,0.0,
18040173,0.07,1.0,9.0,8.0,0.01,15.0,46.0,46.0,0.0,
18040173,3.76,1.0,42.0,42.0,0.03,15.0,46.0,46.0,0.0,
18040173,3.76,1.0,42.0,42.0,0.05,15.0,46.0,46.0,0.0,
18040173,0.16,1.0,31.0,31.0,0.05,15.0,46.0,46.0,0.0,
18040173,0.07,1.0,16.0,16.0,0.03,15.0,46.0,46.0,0.0,
18040173,0.07,1.0,7.0,7.0,0.03,15.0,46.0,46.0,0.0,
18040173,0.07,1.0,7.0,7.0,0.01,15.0,46.0,46.0,0.0,
18040173,1.53,1.0,7.0,7.0,0.01,15.0,46.0,46.0,0.0,
18040173,9.96,1.0,0.0,0.0,0.0,15.0,46.0,46.0,0.0,
18040173,7.99,1.0,0.0,0.0,0.0,15.0,46.0,46.0,0.0,
18040173,7.99,1.0,0.0,0.0,0.0,15.0,46.0,46.0,0.0,
18040173,5.74,1.0,0.0,0.0,0.0,15.0,46.0,46.0,0.0,
18040173,5.74,1.0,0.0,0.0,0.0,15.0,46.0,46.0,0.0,
18040173,5.05,1.0,0.0,0.0,0.0,15.0,46.0,46.0,0.0,
18040173,5.22,1.0,0.0,0.0,0.0,15.0,46.0,46.0,0.0,
18040173,5.22,1.0,0.0,0.0,0.0,15.0,46.0,46.0,0.0,
18040173,6.95,1.0,0.0,0.0,0.0,15.0,46.0,46.0,0.0,
18040173,6.95,1.0,0.0,0.0,0.0,15.0,46.0,46.0,0.0,
18040173,6.78,1.0,27.0,27.0,0.01,15.0,46.0,46.0,0.0,
18040173,3.17,1.0,27.0,27.0,0.01,15.0,46.0,46.0,0.0,
18040173,3.17,1.0,0.0,0.0,0.01,15.0,46.0,46.0,0.0,
18040173,0.07,1.0,0.0,0.0,0.0,15.0,46.0,46.0,0.0,
18040173,4.37,1.0,0.0,0.0,0.0,15.0,46.0,46.0,0.0,
18040174,8.38,1.0,54.0,54.0,0.08,15.0,366.0,343.0,375.0,
18040174,4.99,1.0,54.0,54.0,0.08,15.0,366.0,343.0,375.0,
18040174,9.97,1.0,0.0,0.0,0.0,15.0,366.0,343.0,375.0,
18040174,9.97,1.0,3.0,3.0,0.0,15.0,366.0,343.0,375.0,
18040174,10.32,1.0,51.0,51.0,0.17,15.0,366.0,343.0,375.0,
18040174,0.24,1.0,7.0,7.0,0.2,15.0,366.0,343.0,375.0,
18040174,9.95,1.0,53.0,53.0,0.24,15.0,366.0,343.0,375.0,
18040174,9.97,1.0,85.0,85.0,0.74,15.0,366.0,343.0,375.0,
18040174,3.92,1.0,395.0,395.0,0.74,15.0,366.0,343.0,375.0,
18040174,9.99,1.0,56.0,56.0,0.57,15.0,366.0,343.0,375.0,
18040174,12.33,1.0,50.0,50.0,0.57,15.0,366.0,343.0,375.0,
18040174,23.74,1.0,91.0,91.0,0.45,15.0,366.0,343.0,375.0,
18040174,9.98,1.0,71.0,71.0,0.19,15.0,366.0,343.0,375.0,
18040174,9.93,1.0,0.0,0.0,0.0,15.0,366.0,343.0,375.0,
18040174,9.97,1.0,65.0,65.0,0.04,15.0,366.0,343.0,375.0,
18040174,9.97,1.0,8.0,8.0,0.01,15.0,366.0,343.0,375.0,
18040174,9.75,1.0,2.0,2.0,0.0,15.0,366.0,343.0,375.0,
18040174,7.51,1.0,9.0,9.0,0.01,15.0,366.0,343.0,375.0,
18040174,7.6,1.0,9.0,9.0,0.24,15.0,366.0,343.0,375.0,
18040174,0.24,1.0,298.0,299.0,0.24,15.0,366.0,343.0,375.0,
18040174,2.65,1.0,87.0,87.0,0.18,15.0,366.0,343.0,375.0,
18040174,2.65,1.0,87.0,87.0,0.18,15.0,366.0,343.0,375.0,
18040174,1.36,1.0,78.0,78.0,0.09,15.0,366.0,343.0,375.0,
18040174,9.91,1.0,98.0,98.0,0.31,15.0,366.0,343.0,375.0,
18040174,7.73,1.0,0.0,0.0,0.0,15.0,366.0,343.0,375.0,
18040174,7.73,1.0,15.0,15.0,0.03,15.0,366.0,343.0,375.0,
18040174,7.65,1.0,15.0,15.0,0.03,15.0,366.0,343.0,375.0,
18040174,8.78,1.0,3.0,3.0,0.01,15.0,366.0,343.0,375.0,
18040174,7.91,1.0,0.0,0.0,0.0,15.0,366.0,343.0,375.0,
18040174,7.91,1.0,53.0,53.0,0.37,15.0,366.0,343.0,375.0,
18040174,5.58,1.0,88.0,88.0,0.37,15.0,366.0,343.0,375.0,
18040174,7.98,1.0,0.0,0.0,0.0,15.0,366.0,343.0,375.0,
18040174,7.98,1.0,89.0,89.0,0.23,15.0,366.0,343.0,375.0,
18040174,4.38,1.0,46.0,46.0,0.23,15.0,366.0,343.0,375.0,
18040174,7.41,1.0,46.0,46.0,0.17,15.0,366.0,343.0,375.0,
18040174,5.61,1.0,29.0,29.0,0.03,15.0,366.0,343.0,375.0,
18040174,5.61,1.0,47.0,47.0,0.08,15.0,366.0,343.0,375.0,
18040174,1.79,1.0,47.0,47.0,0.08,15.0,366.0,343.0,375.0,
18040174,1.79,1.0,8.0,8.0,0.03,15.0,366.0,343.0,375.0,
18040174,0.24,1.0,8.0,8.0,0.04,15.0,366.0,343.0,375.0,
18040174,6.79,1.0,40.0,40.0,0.04,15.0,366.0,343.0,375.0,
18040174,6.79,1.0,132.0,133.0,0.12,15.0,366.0,343.0,375.0,
18040174,4.8,1.0,132.0,133.0,0.12,15.0,366.0,343.0,375.0,
18040174,9.96,1.0,20.0,20.0,0.03,15.0,366.0,343.0,375.0,
18040174,9.34,1.0,6.0,6.0,0.05,15.0,366.0,343.0,375.0,
18040174,6.64,1.0,28.0,28.0,0.04,15.0,366.0,343.0,375.0,
18040174,9.67,1.0,0.0,0.0,0.0,15.0,366.0,343.0,375.0,
18040174,7.96,1.0,0.0,0.0,0.0,15.0,366.0,343.0,375.0,
18040174,7.96,1.0,6.0,6.0,0.01,15.0,366.0,343.0,375.0,
18040174,7.91,1.0,99.0,98.0,0.07,15.0,366.0,343.0,375.0,
18040174,1.5,1.0,0.0,0.0,0.0,15.0,366.0,343.0,375.0,
18040174,7.17,1.0,94.0,94.0,0.07,15.0,366.0,343.0,375.0,
18040190,0.07,1.0,0.0,0.0,0.0,15.0,32.0,93.0,3.0,
18040190,0.07,1.0,0.0,3.0,0.0,15.0,32.0,93.0,3.0,
18040190,0.07,1.0,0.0,0.0,0.0,15.0,32.0,93.0,3.0,
18040190,0.08,1.0,0.0,0.0,0.0,15.0,32.0,93.0,3.0,
18040190,0.79,1.0,0.0,0.0,0.0,15.0,32.0,93.0,3.0,
18040190,0.16,1.0,39.0,40.0,0.04,15.0,32.0,93.0,3.0,
18040190,8.26,1.0,1.0,1.0,0.0,15.0,32.0,93.0,3.0,
18040190,9.91,1.0,0.0,0.0,0.01,15.0,32.0,93.0,3.0,
18040190,9.95,1.0,0.0,0.0,0.0,15.0,32.0,93.0,3.0,
18040190,6.86,1.0,0.0,0.0,0.0,15.0,32.0,93.0,3.0,
18040190,9.97,1.0,0.0,0.0,0.0,15.0,32.0,93.0,3.0,
18040190,9.97,1.0,0.0,0.0,0.0,15.0,32.0,93.0,3.0,
18040190,9.98,1.0,0.0,0.0,0.0,15.0,32.0,93.0,3.0,
18040190,9.98,1.0,0.0,0.0,0.0,15.0,32.0,93.0,3.0,
18040190,9.99,1.0,0.0,0.0,0.0,15.0,32.0,93.0,3.0,
18040190,9.96,1.0,0.0,0.0,0.0,15.0,32.0,93.0,3.0,
18040190,9.97,1.0,0.0,0.0,0.0,15.0,32.0,93.0,3.0,
18040190,9.92,1.0,0.0,0.0,0.0,15.0,32.0,93.0,3.0,
18040190,9.97,1.0,0.0,0.0,0.0,15.0,32.0,93.0,3.0,
18040190,9.97,1.0,0.0,0.0,0.0,15.0,32.0,93.0,3.0,
18040190,9.98,1.0,0.0,0.0,0.0,15.0,32.0,93.0,3.0,
18040190,9.87,1.0,0.0,0.0,0.0,15.0,32.0,93.0,3.0,
18040190,9.97,1.0,0.0,0.0,0.0,15.0,32.0,93.0,3.0,
18040190,9.92,1.0,0.0,0.0,0.0,15.0,32.0,93.0,3.0,
18040190,9.96,1.0,0.0,0.0,0.0,15.0,32.0,93.0,3.0,
18040190,9.96,1.0,0.0,0.0,0.0,15.0,32.0,93.0,3.0,
18040190,9.96,1.0,0.0,0.0,0.0,15.0,32.0,93.0,3.0,
18040190,9.97,1.0,0.0,0.0,0.0,15.0,32.0,93.0,3.0,
18040190,9.98,1.0,0.0,0.0,0.0,15.0,32.0,93.0,3.0,
18040190,9.98,1.0,0.0,0.0,0.0,15.0,32.0,93.0,3.0,
18040190,9.99,1.0,0.0,0.0,0.0,15.0,32.0,93.0,3.0,
18040190,9.96,1.0,0.0,0.0,0.0,15.0,32.0,93.0,3.0,
18040190,9.93,1.0,0.0,0.0,0.0,15.0,32.0,93.0,3.0,
18040190,9.95,1.0,0.0,0.0,0.0,15.0,32.0,93.0,3.0,
18040190,9.98,1.0,0.0,0.0,0.0,15.0,32.0,93.0,3.0,
18040190,9.99,1.0,0.0,0.0,0.0,15.0,32.0,93.0,3.0,
18040190,9.96,1.0,0.0,0.0,0.0,15.0,32.0,93.0,3.0,
18040190,9.95,1.0,0.0,0.0,0.0,15.0,32.0,93.0,3.0,
18040190,8.0,1.0,0.0,0.0,0.0,15.0,32.0,93.0,3.0,
18040190,9.94,1.0,0.0,0.0,0.0,15.0,32.0,93.0,3.0,
18040190,9.91,1.0,0.0,0.0,0.0,15.0,32.0,93.0,3.0,
18040190,9.91,1.0,0.0,0.0,0.0,15.0,32.0,93.0,3.0,
18040190,9.93,1.0,0.0,0.0,0.0,15.0,32.0,93.0,3.0,
18040190,9.96,1.0,0.0,0.0,0.0,15.0,32.0,93.0,3.0,
18040190,9.91,1.0,0.0,0.0,0.0,15.0,32.0,93.0,3.0,
18040190,9.94,1.0,0.0,0.0,0.0,15.0,32.0,93.0,3.0,
18040190,9.97,1.0,0.0,0.0,0.0,15.0,32.0,93.0,3.0,
18040190,9.92,1.0,0.0,0.0,0.0,15.0,32.0,93.0,3.0,
18040190,5.81,1.0,0.0,0.0,0.0,15.0,32.0,93.0,3.0,
18040190,9.91,1.0,0.0,0.0,0.0,15.0,32.0,93.0,3.0,
18040190,9.93,1.0,0.0,0.0,0.0,15.0,32.0,93.0,3.0,
18040190,9.96,1.0,0.0,0.0,0.0,15.0,32.0,93.0,3.0,
18040190,9.96,1.0,0.0,0.0,0.0,15.0,32.0,93.0,3.0,
18040190,9.99,1.0,0.0,0.0,0.0,15.0,32.0,93.0,3.0,
18040190,9.96,1.0,0.0,0.0,0.0,15.0,32.0,93.0,3.0,
18040190,9.93,1.0,0.0,0.0,0.0,15.0,32.0,93.0,3.0,
18040190,9.98,1.0,0.0,0.0,0.0,15.0,32.0,93.0,3.0,
18040190,9.99,1.0,0.0,0.0,0.0,15.0,32.0,93.0,3.0,
18040190,9.95,1.0,0.0,0.0,0.0,15.0,32.0,93.0,3.0,
18040190,9.99,1.0,0.0,0.0,0.0,15.0,32.0,93.0,3.0,
18040190,9.95,1.0,0.0,0.0,0.0,15.0,32.0,93.0,3.0,
18040190,9.95,1.0,0.0,0.0,0.0,15.0,32.0,93.0,3.0,
18040190,9.93,1.0,0.0,0.0,0.0,15.0,32.0,93.0,3.0,
18040190,9.98,1.0,0.0,0.0,0.0,15.0,32.0,93.0,3.0,
18040190,9.98,1.0,0.0,0.0,0.0,15.0,32.0,93.0,3.0,
18040190,9.96,1.0,0.0,0.0,0.0,15.0,32.0,93.0,3.0,
18040190,9.95,1.0,4.0,4.0,0.01,15.0,32.0,93.0,3.0,
18040190,9.96,1.0,0.0,0.0,0.0,15.0,32.0,93.0,3.0,
18040190,9.31,1.0,28.0,28.0,0.04,15.0,32.0,93.0,3.0,
18040190,0.07,1.0,54.0,54.0,0.07,15.0,32.0,93.0,3.0,
18040190,7.11,1.0,24.0,23.0,0.04,15.0,32.0,93.0,3.0,
18040190,9.95,1.0,28.0,28.0,0.03,15.0,32.0,93.0,3.0,
18040190,9.83,1.0,0.0,0.0,0.0,15.0,32.0,93.0,3.0,
18040190,9.96,1.0,0.0,0.0,0.0,15.0,32.0,93.0,3.0,
18040190,9.95,1.0,48.0,48.0,0.06,15.0,32.0,93.0,3.0,
18040190,16.89,1.0,0.0,0.0,0.0,15.0,32.0,93.0,3.0,
18040190,23.79,1.0,0.0,0.0,0.0,15.0,32.0,93.0,3.0,
18040190,9.95,1.0,59.0,60.0,0.63,15.0,32.0,93.0,3.0,
18040190,2.49,1.0,83.0,83.0,1.26,15.0,32.0,93.0,3.0,
18040190,9.96,1.0,0.0,0.0,0.0,15.0,32.0,93.0,3.0,
18040190,9.95,1.0,0.0,0.0,0.0,15.0,32.0,93.0,3.0,
18040190,9.96,1.0,0.0,0.0,0.0,15.0,32.0,93.0,3.0,
18040190,9.98,1.0,0.0,0.0,0.0,15.0,32.0,93.0,3.0,
18040190,9.95,1.0,0.0,0.0,0.0,15.0,32.0,93.0,3.0,
18040190,9.98,1.0,0.0,0.0,0.01,15.0,32.0,93.0,3.0,
18040190,9.92,1.0,71.0,71.0,0.47,15.0,32.0,93.0,3.0,
18040190,4.03,1.0,0.0,0.0,0.0,15.0,32.0,93.0,3.0,
18040190,9.95,1.0,0.0,0.0,0.01,15.0,32.0,93.0,3.0,
18040190,9.96,1.0,0.0,0.0,0.01,15.0,32.0,93.0,3.0,
18040190,9.97,1.0,0.0,0.0,0.01,15.0,32.0,93.0,3.0,
18040190,9.97,1.0,0.0,0.0,0.01,15.0,32.0,93.0,3.0,
18040190,9.98,1.0,0.0,0.0,0.01,15.0,32.0,93.0,3.0,
18040190,9.95,1.0,0.0,0.0,0.02,15.0,32.0,93.0,3.0,
18040190,9.97,1.0,0.0,0.0,0.01,15.0,32.0,93.0,3.0,
18040190,9.97,1.0,0.0,0.0,0.01,15.0,32.0,93.0,3.0,
18040190,9.96,1.0,0.0,0.0,0.01,15.0,32.0,93.0,3.0,
18040190,9.67,1.0,0.0,0.0,0.01,15.0,32.0,93.0,3.0,
18040190,9.84,1.0,0.0,0.0,0.01,15.0,32.0,93.0,3.0,
18040190,9.95,1.0,0.0,0.0,0.01,15.0,32.0,93.0,3.0,
18040190,9.09,1.0,0.0,0.0,0.0,15.0,32.0,93.0,3.0,
18040190,9.95,1.0,0.0,0.0,0.0,15.0,32.0,93.0,3.0,
18040190,9.96,1.0,86.0,85.0,1.44,15.0,32.0,93.0,3.0,
18040190,7.39,1.0,725.0,725.0,1.44,15.0,32.0,93.0,3.0,
18040190,9.99,1.0,4.0,4.0,0.01,15.0,32.0,93.0,3.0,
18040190,9.95,1.0,0.0,0.0,0.0,15.0,32.0,93.0,3.0,
18040190,9.97,1.0,0.0,0.0,0.0,15.0,32.0,93.0,3.0,
18040190,9.97,1.0,0.0,0.0,0.01,15.0,32.0,93.0,3.0,
18040190,9.97,1.0,1.0,1.0,0.02,15.0,32.0,93.0,3.0,
18040190,9.96,1.0,1.0,1.0,0.0,15.0,32.0,93.0,3.0,
18040190,9.96,1.0,0.0,0.0,0.0,15.0,32.0,93.0,3.0,
18040190,9.97,1.0,0.0,0.0,0.0,15.0,32.0,93.0,3.0,
18040190,9.96,1.0,0.0,0.0,0.0,15.0,32.0,93.0,3.0,
18040190,9.99,1.0,0.0,0.0,0.0,15.0,32.0,93.0,3.0,
18040190,9.91,1.0,0.0,0.0,0.01,15.0,32.0,93.0,3.0,
18040190,8.68,1.0,0.0,0.0,0.01,15.0,32.0,93.0,3.0,
18040190,9.97,1.0,0.0,0.0,0.0,15.0,32.0,93.0,3.0,
18040190,21.26,1.0,0.0,0.0,0.0,15.0,32.0,93.0,3.0,
18040190,2.56,1.0,97.0,97.0,2.52,15.0,32.0,93.0,3.0,
18040192,6.24,1.0,7.0,7.0,0.01,13.0,535.0,535.0,544.0,
18040192,0.07,1.0,0.0,0.0,0.0,13.0,535.0,535.0,544.0,
18040192,0.39,1.0,92.0,92.0,0.17,7.0,535.0,535.0,544.0,
18040192,1.87,1.0,0.0,0.0,0.0,7.0,535.0,535.0,544.0,
18040192,7.96,1.0,72.0,72.0,0.03,7.0,535.0,535.0,544.0,
18040192,3.24,1.0,58.0,58.0,0.02,7.0,535.0,535.0,544.0,
18040192,5.47,1.0,0.0,0.0,0.0,7.0,535.0,535.0,544.0,
18040192,0.33,1.0,0.0,0.0,0.0,7.0,535.0,535.0,544.0,
18040197,0.07,1.0,1.0,0.0,0.0,15.0,591.0,591.0,600.0,
18040206,1.01,1.0,1.0,1.0,0.0,15.0,41.0,42.0,50.0,
18040206,1.1,1.0,2.0,2.0,0.0,15.0,41.0,42.0,50.0,
18040206,0.33,1.0,39.0,39.0,0.08,15.0,41.0,42.0,50.0,
18040215,2.91,1.0,0.0,0.0,0.0,15.0,53.0,54.0,62.0,
18040215,9.95,1.0,0.0,0.0,0.0,15.0,53.0,54.0,62.0,
18040215,2.74,1.0,0.0,0.0,0.0,15.0,53.0,54.0,62.0,
18040215,8.41,1.0,0.0,0.0,0.0,15.0,53.0,54.0,62.0,
18040215,1.19,1.0,0.0,0.0,0.0,15.0,53.0,54.0,62.0,
18040215,0.16,1.0,0.0,0.0,0.0,15.0,53.0,54.0,62.0,
18040215,6.38,1.0,0.0,0.0,0.0,15.0,53.0,54.0,62.0,
18040215,3.19,1.0,0.0,0.0,0.0,15.0,53.0,54.0,62.0,
18040215,1.37,1.0,0.0,0.0,0.0,15.0,53.0,54.0,62.0,
18040215,2.95,1.0,0.0,0.0,0.0,15.0,53.0,54.0,62.0,
18040215,1.53,1.0,0.0,0.0,0.0,15.0,53.0,54.0,62.0,
18040215,4.97,1.0,0.0,0.0,0.0,15.0,53.0,54.0,62.0,
18040215,4.8,1.0,0.0,0.0,0.0,15.0,53.0,54.0,62.0,
18040215,2.73,1.0,0.0,0.0,0.0,15.0,53.0,54.0,62.0,
18040215,3.94,1.0,0.0,0.0,0.0,15.0,53.0,54.0,62.0,
18040215,0.16,1.0,0.0,0.0,0.0,15.0,53.0,54.0,62.0,
18040215,1.96,1.0,0.0,0.0,0.0,15.0,53.0,54.0,62.0,
18040215,6.72,1.0,0.0,0.0,0.0,15.0,53.0,54.0,62.0,
18040215,9.96,1.0,0.0,0.0,0.0,15.0,53.0,54.0,62.0,
18040215,9.96,1.0,0.0,0.0,0.0,15.0,53.0,54.0,62.0,
18040215,9.96,1.0,0.0,0.0,0.0,15.0,53.0,54.0,62.0,
18040215,0.41,1.0,0.0,0.0,0.0,15.0,53.0,54.0,62.0,
18040215,3.38,1.0,0.0,0.0,0.0,15.0,53.0,54.0,62.0,
18040215,0.07,1.0,0.0,0.0,0.0,15.0,53.0,54.0,62.0,
18040215,1.1,1.0,0.0,0.0,0.0,15.0,53.0,54.0,62.0,
18040215,2.05,1.0,7.0,84.0,0.09,15.0,53.0,54.0,62.0,
18040215,1.06,1.0,3.0,8.0,0.07,15.0,53.0,54.0,62.0,
18040215,1.25,1.0,2.0,29.0,0.3,15.0,53.0,54.0,62.0,
18040215,1.25,1.0,2.0,194.0,0.3,15.0,53.0,54.0,62.0,
18040215,0.93,1.0,0.0,0.0,0.0,15.0,53.0,54.0,62.0,
18040215,1.79,1.0,0.0,0.0,0.0,15.0,53.0,54.0,62.0,
18040215,6.28,1.0,0.0,0.0,0.0,15.0,53.0,54.0,62.0,
18040215,9.92,1.0,0.0,0.0,0.0,15.0,53.0,54.0,62.0,
18040215,9.91,1.0,0.0,0.0,0.0,15.0,53.0,54.0,62.0,
18040215,5.91,1.0,0.0,0.0,0.0,15.0,53.0,54.0,62.0,
18040215,9.97,1.0,0.0,0.0,0.0,15.0,53.0,54.0,62.0,
18040215,9.67,1.0,0.0,0.0,0.0,15.0,53.0,54.0,62.0,
18040215,4.21,1.0,0.0,0.0,0.0,15.0,53.0,54.0,62.0,
18040215,0.59,1.0,0.0,0.0,0.0,15.0,53.0,54.0,62.0,
18040215,0.59,1.0,0.0,0.0,0.0,15.0,53.0,54.0,62.0,
18040215,9.92,1.0,0.0,0.0,0.0,15.0,53.0,54.0,62.0,
18040215,9.99,1.0,0.0,0.0,0.0,15.0,53.0,54.0,62.0,
18040215,9.95,1.0,0.0,0.0,0.0,15.0,53.0,54.0,62.0,
18040215,6.17,1.0,0.0,0.0,0.0,15.0,53.0,54.0,62.0,
18040215,9.97,1.0,0.0,0.0,0.0,15.0,53.0,54.0,62.0,
18040215,5.18,1.0,0.0,0.0,0.0,15.0,53.0,54.0,62.0,
18040215,9.6,1.0,0.0,0.0,0.0,15.0,53.0,54.0,62.0,
18040215,9.98,1.0,0.0,0.0,0.0,15.0,53.0,54.0,62.0,
18040215,9.98,1.0,33.0,33.0,0.04,15.0,53.0,54.0,62.0,
18040215,9.93,1.0,0.0,0.0,0.0,15.0,53.0,54.0,62.0,
18040215,23.87,1.0,0.0,0.0,0.0,15.0,53.0,54.0,62.0,
18040215,9.97,1.0,0.0,0.0,0.0,15.0,53.0,54.0,62.0,
18040215,9.99,1.0,0.0,0.0,0.0,15.0,53.0,54.0,62.0,
18040215,2.59,1.0,73.0,73.0,0.67,15.0,53.0,54.0,62.0,
18040215,1.38,1.0,65.0,65.0,0.53,15.0,53.0,54.0,62.0,
18040215,0.93,1.0,95.0,96.0,0.6,15.0,53.0,54.0,62.0,
18040215,1.19,1.0,0.0,0.0,0.0,15.0,53.0,54.0,62.0,
18040215,1.1,1.0,4.0,525.0,0.79,15.0,53.0,54.0,62.0,
18040215,1.1,1.0,5.0,74.0,0.76,15.0,53.0,54.0,62.0,
18040215,0.41,1.0,74.0,567.0,0.4,15.0,53.0,54.0,62.0,
18040215,3.29,1.0,18.0,25.0,0.05,15.0,53.0,54.0,62.0,
18040215,2.91,1.0,0.0,0.0,0.0,15.0,53.0,54.0,62.0,
18040215,9.95,1.0,0.0,0.0,0.0,15.0,53.0,54.0,62.0,
18040215,2.74,1.0,0.0,0.0,0.0,15.0,53.0,54.0,62.0,
18040215,8.41,1.0,0.0,0.0,0.0,15.0,53.0,54.0,62.0,
18040215,1.19,1.0,0.0,0.0,0.0,15.0,53.0,54.0,62.0,
18040215,0.16,1.0,0.0,0.0,0.0,15.0,53.0,54.0,62.0,
18040215,6.38,1.0,0.0,0.0,0.0,15.0,53.0,54.0,62.0,
18040215,3.19,1.0,0.0,0.0,0.0,15.0,53.0,54.0,62.0,
18040215,1.37,1.0,0.0,0.0,0.0,15.0,53.0,54.0,62.0,
18040215,2.95,1.0,0.0,0.0,0.0,15.0,53.0,54.0,62.0,
18040215,1.53,1.0,0.0,0.0,0.0,15.0,53.0,54.0,62.0,
18040215,4.97,1.0,0.0,0.0,0.0,15.0,53.0,54.0,62.0,
18040215,4.8,1.0,0.0,0.0,0.0,15.0,53.0,54.0,62.0,
18040215,2.73,1.0,0.0,0.0,0.0,15.0,53.0,54.0,62.0,
18040215,3.94,1.0,0.0,0.0,0.0,15.0,53.0,54.0,62.0,
18040215,0.16,1.0,0.0,0.0,0.0,15.0,53.0,54.0,62.0,
18040215,1.96,1.0,0.0,0.0,0.0,15.0,53.0,54.0,62.0,
18040215,6.72,1.0,0.0,0.0,0.0,15.0,53.0,54.0,62.0,
18040215,9.96,1.0,0.0,0.0,0.0,15.0,53.0,54.0,62.0,
18040215,9.96,1.0,0.0,0.0,0.0,15.0,53.0,54.0,62.0,
18040215,9.96,1.0,0.0,0.0,0.0,15.0,53.0,54.0,62.0,
18040215,0.41,1.0,0.0,0.0,0.0,15.0,53.0,54.0,62.0,
18040215,3.38,1.0,0.0,0.0,0.0,15.0,53.0,54.0,62.0,
18040215,0.07,1.0,0.0,0.0,0.0,15.0,53.0,54.0,62.0,
18040215,1.1,1.0,0.0,0.0,0.0,15.0,53.0,54.0,62.0,
18040215,2.05,1.0,7.0,84.0,0.09,15.0,53.0,54.0,62.0,
18040215,1.06,1.0,3.0,8.0,0.07,15.0,53.0,54.0,62.0,
18040215,1.25,1.0,2.0,29.0,0.3,15.0,53.0,54.0,62.0,
18040215,1.25,1.0,2.0,194.0,0.3,15.0,53.0,54.0,62.0,
18040215,0.93,1.0,0.0,0.0,0.0,15.0,53.0,54.0,62.0,
18040215,1.79,1.0,0.0,0.0,0.0,15.0,53.0,54.0,62.0,
18040215,6.28,1.0,0.0,0.0,0.0,15.0,53.0,54.0,62.0,
18040215,9.92,1.0,0.0,0.0,0.0,15.0,53.0,54.0,62.0,
18040215,9.91,1.0,0.0,0.0,0.0,15.0,53.0,54.0,62.0,
18040215,5.91,1.0,0.0,0.0,0.0,15.0,53.0,54.0,62.0,
18040215,9.97,1.0,0.0,0.0,0.0,15.0,53.0,54.0,62.0,
18040215,9.67,1.0,0.0,0.0,0.0,15.0,53.0,54.0,62.0,
18040215,4.21,1.0,0.0,0.0,0.0,15.0,53.0,54.0,62.0,
18040215,0.59,1.0,0.0,0.0,0.0,15.0,53.0,54.0,62.0,
18040215,0.59,1.0,0.0,0.0,0.0,15.0,53.0,54.0,62.0,
18040215,9.92,1.0,0.0,0.0,0.0,15.0,53.0,54.0,62.0,
18040215,9.99,1.0,0.0,0.0,0.0,15.0,53.0,54.0,62.0,
18040215,9.95,1.0,0.0,0.0,0.0,15.0,53.0,54.0,62.0,
18040215,6.17,1.0,0.0,0.0,0.0,15.0,53.0,54.0,62.0,
18040215,9.97,1.0,0.0,0.0,0.0,15.0,53.0,54.0,62.0,
18040215,5.18,1.0,0.0,0.0,0.0,15.0,53.0,54.0,62.0,
18040215,9.6,1.0,0.0,0.0,0.0,15.0,53.0,54.0,62.0,
18040215,9.98,1.0,0.0,0.0,0.0,15.0,53.0,54.0,62.0,
18040215,9.98,1.0,33.0,33.0,0.04,15.0,53.0,54.0,62.0,
18040215,9.93,1.0,0.0,0.0,0.0,15.0,53.0,54.0,62.0,
18040215,23.87,1.0,0.0,0.0,0.0,15.0,53.0,54.0,62.0,
18040215,9.97,1.0,0.0,0.0,0.0,15.0,53.0,54.0,62.0,
18040215,9.99,1.0,0.0,0.0,0.0,15.0,53.0,54.0,62.0,
18040215,2.59,1.0,73.0,73.0,0.67,15.0,53.0,54.0,62.0,
18040215,1.38,1.0,65.0,65.0,0.53,15.0,53.0,54.0,62.0,
18040215,0.93,1.0,95.0,96.0,0.6,15.0,53.0,54.0,62.0,
18040215,1.19,1.0,0.0,0.0,0.0,15.0,53.0,54.0,62.0,
18040215,1.1,1.0,4.0,525.0,0.79,15.0,53.0,54.0,62.0,
18040215,1.1,1.0,5.0,74.0,0.76,15.0,53.0,54.0,62.0,
18040215,0.41,1.0,74.0,567.0,0.4,15.0,53.0,54.0,62.0,
18040215,3.29,1.0,18.0,25.0,0.05,15.0,53.0,54.0,62.0,
18040215,2.91,1.0,0.0,0.0,0.0,15.0,53.0,54.0,62.0,
18040215,9.95,1.0,0.0,0.0,0.0,15.0,53.0,54.0,62.0,
18040215,2.74,1.0,0.0,0.0,0.0,15.0,53.0,54.0,62.0,
18040215,8.41,1.0,0.0,0.0,0.0,15.0,53.0,54.0,62.0,
18040215,1.19,1.0,0.0,0.0,0.0,15.0,53.0,54.0,62.0,
18040215,0.16,1.0,0.0,0.0,0.0,15.0,53.0,54.0,62.0,
18040215,6.38,1.0,0.0,0.0,0.0,15.0,53.0,54.0,62.0,
18040215,3.19,1.0,0.0,0.0,0.0,15.0,53.0,54.0,62.0,
18040215,1.37,1.0,0.0,0.0,0.0,15.0,53.0,54.0,62.0,
18040215,2.95,1.0,0.0,0.0,0.0,15.0,53.0,54.0,62.0,
18040215,1.53,1.0,0.0,0.0,0.0,15.0,53.0,54.0,62.0,
18040215,4.97,1.0,0.0,0.0,0.0,15.0,53.0,54.0,62.0,
18040215,4.8,1.0,0.0,0.0,0.0,15.0,53.0,54.0,62.0,
18040215,2.73,1.0,0.0,0.0,0.0,15.0,53.0,54.0,62.0,
18040215,3.94,1.0,0.0,0.0,0.0,15.0,53.0,54.0,62.0,
18040215,0.16,1.0,0.0,0.0,0.0,15.0,53.0,54.0,62.0,
18040215,1.96,1.0,0.0,0.0,0.0,15.0,53.0,54.0,62.0,
18040215,6.72,1.0,0.0,0.0,0.0,15.0,53.0,54.0,62.0,
18040215,9.96,1.0,0.0,0.0,0.0,15.0,53.0,54.0,62.0,
18040215,9.96,1.0,0.0,0.0,0.0,15.0,53.0,54.0,62.0,
18040215,9.96,1.0,0.0,0.0,0.0,15.0,53.0,54.0,62.0,
18040215,0.41,1.0,0.0,0.0,0.0,15.0,53.0,54.0,62.0,
18040215,3.38,1.0,0.0,0.0,0.0,15.0,53.0,54.0,62.0,
18040215,0.07,1.0,0.0,0.0,0.0,15.0,53.0,54.0,62.0,
18040215,1.1,1.0,0.0,0.0,0.0,15.0,53.0,54.0,62.0,
18040215,2.05,1.0,7.0,84.0,0.09,15.0,53.0,54.0,62.0,
18040215,1.06,1.0,3.0,8.0,0.07,15.0,53.0,54.0,62.0,
18040215,1.25,1.0,2.0,29.0,0.3,15.0,53.0,54.0,62.0,
18040215,1.25,1.0,2.0,194.0,0.3,15.0,53.0,54.0,62.0,
18040215,0.93,1.0,0.0,0.0,0.0,15.0,53.0,54.0,62.0,
18040215,1.79,1.0,0.0,0.0,0.0,15.0,53.0,54.0,62.0,
18040215,6.28,1.0,0.0,0.0,0.0,15.0,53.0,54.0,62.0,
18040215,9.92,1.0,0.0,0.0,0.0,15.0,53.0,54.0,62.0,
18040215,9.91,1.0,0.0,0.0,0.0,15.0,53.0,54.0,62.0,
18040215,5.91,1.0,0.0,0.0,0.0,15.0,53.0,54.0,62.0,
18040215,9.97,1.0,0.0,0.0,0.0,15.0,53.0,54.0,62.0,
18040215,9.67,1.0,0.0,0.0,0.0,15.0,53.0,54.0,62.0,
18040215,4.21,1.0,0.0,0.0,0.0,15.0,53.0,54.0,62.0,
18040215,0.59,1.0,0.0,0.0,0.0,15.0,53.0,54.0,62.0,
18040215,0.59,1.0,0.0,0.0,0.0,15.0,53.0,54.0,62.0,
18040215,9.92,1.0,0.0,0.0,0.0,15.0,53.0,54.0,62.0,
18040215,9.99,1.0,0.0,0.0,0.0,15.0,53.0,54.0,62.0,
18040215,9.95,1.0,0.0,0.0,0.0,15.0,53.0,54.0,62.0,
18040215,6.17,1.0,0.0,0.0,0.0,15.0,53.0,54.0,62.0,
18040215,9.97,1.0,0.0,0.0,0.0,15.0,53.0,54.0,62.0,
18040215,5.18,1.0,0.0,0.0,0.0,15.0,53.0,54.0,62.0,
18040215,9.6,1.0,0.0,0.0,0.0,15.0,53.0,54.0,62.0,
18040215,9.98,1.0,0.0,0.0,0.0,15.0,53.0,54.0,62.0,
18040215,9.98,1.0,33.0,33.0,0.04,15.0,53.0,54.0,62.0,
18040215,9.93,1.0,0.0,0.0,0.0,15.0,53.0,54.0,62.0,
18040215,23.87,1.0,0.0,0.0,0.0,15.0,53.0,54.0,62.0,
18040215,9.97,1.0,0.0,0.0,0.0,15.0,53.0,54.0,62.0,
18040215,9.99,1.0,0.0,0.0,0.0,15.0,53.0,54.0,62.0,
18040215,2.59,1.0,73.0,73.0,0.67,15.0,53.0,54.0,62.0,
18040215,1.38,1.0,65.0,65.0,0.53,15.0,53.0,54.0,62.0,
18040215,0.93,1.0,95.0,96.0,0.6,15.0,53.0,54.0,62.0,
18040215,1.19,1.0,0.0,0.0,0.0,15.0,53.0,54.0,62.0,
18040215,1.1,1.0,4.0,525.0,0.79,15.0,53.0,54.0,62.0,
18040215,1.1,1.0,5.0,74.0,0.76,15.0,53.0,54.0,62.0,
18040215,0.41,1.0,74.0,567.0,0.4,15.0,53.0,54.0,62.0,
18040215,3.29,1.0,18.0,25.0,0.05,15.0,53.0,54.0,62.0,
18040226,0.85,1.0,0.0,0.0,0.0,15.0,553.0,553.0,562.0,
18040245,1.36,1.0,91.0,91.0,0.06,15.0,45.0,75.0,54.0,
18040245,0.33,1.0,8.0,8.0,0.0,15.0,45.0,75.0,54.0,
18040245,0.07,1.0,0.0,0.0,0.01,15.0,45.0,75.0,54.0,
18040245,6.42,1.0,884.0,884.0,3.88,15.0,45.0,75.0,54.0,
18040245,4.24,1.0,981.0,982.0,4.22,15.0,45.0,75.0,54.0,
18040245,9.91,1.0,9932.0,9933.0,7.72,15.0,45.0,75.0,54.0,
18040245,9.5,1.0,965.0,967.0,3.32,15.0,45.0,75.0,54.0,
18040245,9.95,1.0,965.0,965.0,1.17,15.0,45.0,75.0,54.0,
18040245,3.26,1.0,980.0,981.0,3.22,15.0,45.0,75.0,54.0,
18040245,9.68,1.0,993.0,994.0,7.51,15.0,45.0,75.0,54.0,
18040245,4.84,1.0,6187.0,6188.0,4.33,15.0,45.0,75.0,54.0,
18040245,3.01,1.0,964.0,965.0,3.01,15.0,45.0,75.0,54.0,
18040245,2.9,1.0,963.0,963.0,2.9,15.0,45.0,75.0,54.0,
18040245,9.54,1.0,9978.0,9980.0,9.25,15.0,45.0,75.0,54.0,
18040245,8.28,1.0,9963.0,9965.0,7.81,15.0,45.0,75.0,54.0,
18040245,3.26,1.0,876.0,877.0,0.7,15.0,45.0,75.0,54.0,
18040245,1.79,1.0,994.0,994.0,1.67,15.0,45.0,75.0,54.0,
18040245,8.83,1.0,9989.0,9991.0,8.36,15.0,45.0,75.0,54.0,
18040245,6.88,1.0,964.0,964.0,5.09,15.0,45.0,75.0,54.0,
18040245,9.78,1.0,981.0,981.0,4.22,15.0,45.0,75.0,54.0,
18040245,9.99,1.0,9971.0,9975.0,8.81,15.0,45.0,75.0,54.0,
18040245,3.06,1.0,931.0,932.0,2.28,15.0,45.0,75.0,54.0,
18040245,2.25,1.0,960.0,960.0,2.0,15.0,45.0,75.0,54.0,
18040245,9.93,1.0,9937.0,9938.0,8.91,15.0,45.0,75.0,54.0,
18040245,8.29,1.0,9966.0,9968.0,8.09,15.0,45.0,75.0,54.0,
18040245,3.87,1.0,963.0,964.0,3.71,15.0,45.0,75.0,54.0,
18040245,9.93,1.0,9898.0,9899.0,9.92,15.0,45.0,75.0,54.0,
18040245,6.21,1.0,983.0,983.0,5.49,15.0,45.0,75.0,54.0,
18040245,6.69,1.0,859.0,858.0,3.5,15.0,45.0,75.0,54.0,
18040245,9.92,1.0,9909.0,9911.0,7.09,15.0,45.0,75.0,54.0,
18040245,7.93,1.0,982.0,981.0,4.28,15.0,45.0,75.0,54.0,
18040245,4.15,1.0,5697.0,5696.0,3.98,15.0,45.0,75.0,54.0,
18040245,2.2,1.0,956.0,956.0,1.69,15.0,45.0,75.0,54.0,
18040245,8.11,1.0,6974.0,6994.0,4.89,15.0,45.0,75.0,54.0,
18040245,9.97,1.0,45.0,45.0,0.03,15.0,45.0,75.0,54.0,
18040245,6.28,1.0,0.0,0.0,0.0,15.0,45.0,75.0,54.0,
18040245,9.93,1.0,0.0,0.0,0.0,15.0,45.0,75.0,54.0,
18040245,9.94,1.0,0.0,0.0,0.0,15.0,45.0,75.0,54.0,
18040245,0.5,1.0,0.0,0.0,0.0,15.0,45.0,75.0,54.0,
18040245,9.14,1.0,0.0,0.0,0.0,15.0,45.0,75.0,54.0,
18040245,9.95,1.0,970.0,971.0,0.75,15.0,45.0,75.0,54.0,
18040245,6.75,1.0,0.0,0.0,0.0,15.0,45.0,75.0,54.0,
18040245,7.27,1.0,475.0,475.0,0.34,15.0,45.0,75.0,54.0,
18040245,0.55,1.0,49.0,48.0,0.03,15.0,45.0,75.0,54.0,
18040245,9.97,1.0,9872.0,9873.0,9.09,15.0,45.0,75.0,54.0,
18040245,9.96,1.0,9911.0,9910.0,6.73,15.0,45.0,75.0,54.0,
18040245,9.28,1.0,981.0,981.0,6.42,15.0,45.0,75.0,54.0,
18040245,9.93,1.0,9888.0,9889.0,9.92,15.0,45.0,75.0,54.0,
18040245,9.93,1.0,941.0,941.0,4.72,15.0,45.0,75.0,54.0,
18040245,9.95,1.0,0.0,0.0,0.0,15.0,45.0,75.0,54.0,
18040245,9.95,1.0,9995.0,9996.0,8.19,15.0,45.0,75.0,54.0,
18040245,9.94,1.0,935.0,935.0,6.08,15.0,45.0,75.0,54.0,
18040245,6.66,1.0,9893.0,9894.0,7.35,15.0,45.0,75.0,54.0,
18040245,7.29,1.0,9935.0,9935.0,7.29,15.0,45.0,75.0,54.0,
18040245,9.98,1.0,960.0,961.0,6.25,15.0,45.0,75.0,54.0,
18040245,0.16,1.0,99.0,222.0,0.15,15.0,45.0,75.0,54.0,
18040245,9.98,1.0,9914.0,9914.0,7.71,15.0,45.0,75.0,54.0,
18040245,9.93,1.0,9928.0,9931.0,9.96,15.0,45.0,75.0,54.0,
18040245,9.95,1.0,9954.0,9954.0,9.72,15.0,45.0,75.0,54.0,
18040245,2.05,1.0,896.0,898.0,1.35,15.0,45.0,75.0,54.0,
18040245,9.92,1.0,9945.0,9943.0,7.13,15.0,45.0,75.0,54.0,
18040245,4.62,1.0,965.0,965.0,1.76,15.0,45.0,75.0,54.0,
18040245,8.96,1.0,983.0,983.0,2.83,15.0,45.0,75.0,54.0,
18040245,9.95,1.0,6410.0,6412.0,4.49,15.0,45.0,75.0,54.0,
18040245,2.39,1.0,954.0,954.0,2.38,15.0,45.0,75.0,54.0,
18040245,9.98,1.0,9900.0,9900.0,9.95,15.0,45.0,75.0,54.0,
18040245,9.95,1.0,4130.0,4131.0,2.77,15.0,45.0,75.0,54.0,
18040245,8.11,1.0,873.0,874.0,2.37,15.0,45.0,75.0,54.0,
18040245,2.47,1.0,971.0,971.0,1.08,15.0,45.0,75.0,54.0,
18040245,3.21,1.0,2377.0,2379.0,1.66,15.0,45.0,75.0,54.0,
18040245,4.3,1.0,982.0,981.0,2.83,15.0,45.0,75.0,54.0,
18040245,9.95,1.0,9920.0,9920.0,9.74,15.0,45.0,75.0,54.0,
18040245,6.98,1.0,6910.0,6909.0,4.83,15.0,45.0,75.0,54.0,
18040245,5.72,1.0,983.0,984.0,5.65,15.0,45.0,75.0,54.0,
18040245,9.6,1.0,9926.0,9926.0,8.66,15.0,45.0,75.0,54.0,
18040245,0.16,1.0,228.0,228.0,0.16,15.0,45.0,75.0,54.0,
18040245,4.96,1.0,904.0,905.0,4.14,15.0,45.0,75.0,54.0,
18040245,5.69,1.0,970.0,972.0,4.03,15.0,45.0,75.0,54.0,
18040245,3.19,1.0,4105.0,4107.0,2.87,15.0,45.0,75.0,54.0,
18040245,4.44,1.0,885.0,886.0,2.68,15.0,45.0,75.0,54.0,
18040245,5.31,1.0,965.0,965.0,5.21,15.0,45.0,75.0,54.0,
18040245,6.38,1.0,961.0,961.0,6.17,15.0,45.0,75.0,54.0,
18040245,0.24,1.0,351.0,351.0,0.24,15.0,45.0,75.0,54.0,
18040245,1.36,1.0,965.0,965.0,1.36,15.0,45.0,75.0,54.0,
18040245,9.98,1.0,9900.0,9900.0,9.98,15.0,45.0,75.0,54.0,
18040245,6.95,1.0,936.0,936.0,6.1,15.0,45.0,75.0,54.0,
18040245,0.59,1.0,842.0,842.0,0.58,15.0,45.0,75.0,54.0,
18040245,5.62,1.0,981.0,981.0,5.14,15.0,45.0,75.0,54.0,
18040245,9.93,1.0,9883.0,9885.0,9.54,15.0,45.0,75.0,54.0,
18040245,2.74,1.0,971.0,971.0,2.73,15.0,45.0,75.0,54.0,
18040245,9.95,1.0,9894.0,9895.0,9.93,15.0,45.0,75.0,54.0,
18040245,9.92,1.0,9936.0,9940.0,9.96,15.0,45.0,75.0,54.0,
18040245,8.83,1.0,9895.0,9895.0,8.56,15.0,45.0,75.0,54.0,
18040245,9.91,1.0,9930.0,9930.0,9.61,15.0,45.0,75.0,54.0,
18040245,9.98,1.0,9961.0,9963.0,9.95,15.0,45.0,75.0,54.0,
18040245,5.26,1.0,983.0,983.0,4.74,15.0,45.0,75.0,54.0,
18040245,6.56,1.0,8470.0,8472.0,5.93,15.0,45.0,75.0,54.0,
18040245,3.11,1.0,966.0,965.0,2.43,15.0,45.0,75.0,54.0,
18040245,1.44,1.0,96.0,96.0,1.44,15.0,45.0,75.0,54.0,
18040245,9.96,1.0,9962.0,9963.0,9.93,15.0,45.0,75.0,54.0,
18040245,9.96,1.0,6869.0,6869.0,9.98,15.0,45.0,75.0,54.0,
18040245,2.62,1.0,982.0,982.0,2.23,15.0,45.0,75.0,54.0,
18040245,9.6,1.0,9759.0,9761.0,7.45,15.0,45.0,75.0,54.0,
18040245,3.07,1.0,981.0,982.0,3.07,15.0,45.0,75.0,54.0,
18040245,7.34,1.0,9972.0,9972.0,7.31,15.0,45.0,75.0,54.0,
18040245,9.98,1.0,9592.0,9595.0,6.71,15.0,45.0,75.0,54.0,
18040245,3.52,1.0,945.0,945.0,2.98,15.0,45.0,75.0,54.0,
18040245,9.99,1.0,980.0,981.0,9.95,15.0,45.0,75.0,54.0,
18040245,2.27,1.0,94.0,94.0,2.27,15.0,45.0,75.0,54.0,
18040245,9.97,1.0,9910.0,9911.0,7.88,15.0,45.0,75.0,54.0,
18040245,2.74,1.0,3883.0,3883.0,2.71,15.0,45.0,75.0,54.0,
18040245,3.65,1.0,934.0,934.0,1.39,15.0,45.0,75.0,54.0,
18040245,0.07,1.0,0.0,0.0,0.0,15.0,45.0,75.0,54.0,
18040245,6.01,1.0,0.0,0.0,0.0,15.0,45.0,75.0,54.0,
18040245,2.02,1.0,0.0,0.0,0.0,15.0,45.0,75.0,54.0,
18040245,0.16,1.0,0.0,0.0,0.0,15.0,45.0,75.0,54.0,
18040245,2.62,1.0,9527.0,9529.0,6.67,15.0,45.0,75.0,54.0,
18040245,8.5,1.0,4.0,4.0,0.0,15.0,45.0,75.0,54.0,
18040245,9.98,1.0,0.0,0.0,0.0,15.0,45.0,75.0,54.0,
18040245,9.99,1.0,0.0,0.0,0.0,15.0,45.0,75.0,54.0,
18040245,6.86,1.0,0.0,0.0,0.0,15.0,45.0,75.0,54.0,
18040245,1.02,1.0,9.0,900.0,0.63,15.0,45.0,75.0,54.0,
18040245,0.07,1.0,0.0,0.0,0.0,15.0,45.0,75.0,54.0,
18040245,9.99,1.0,0.0,0.0,0.0,15.0,45.0,75.0,54.0,
18040245,9.92,1.0,0.0,0.0,0.0,15.0,45.0,75.0,54.0,
18040245,9.71,1.0,0.0,0.0,0.0,15.0,45.0,75.0,54.0,
18040245,9.99,1.0,0.0,0.0,0.0,15.0,45.0,75.0,54.0,
18040245,9.98,1.0,0.0,0.0,0.0,15.0,45.0,75.0,54.0,
18040245,1.88,1.0,0.0,0.0,0.0,15.0,45.0,75.0,54.0,
18040245,4.46,1.0,0.0,0.0,0.0,15.0,45.0,75.0,54.0,
18040245,1.81,1.0,0.0,0.0,0.0,15.0,45.0,75.0,54.0,
18040245,6.99,1.0,0.0,0.0,0.0,15.0,45.0,75.0,54.0,
18040245,2.23,1.0,968.0,968.0,2.04,15.0,45.0,75.0,54.0,
18040245,0.77,1.0,686.0,686.0,0.76,15.0,45.0,75.0,54.0,
18040245,9.93,1.0,950.0,951.0,3.94,15.0,45.0,75.0,54.0,
18040245,1.7,1.0,0.0,0.0,0.0,15.0,45.0,75.0,54.0,
18040245,0.26,1.0,8.0,8.0,0.13,15.0,45.0,75.0,54.0,
18040245,3.56,1.0,967.0,967.0,3.45,15.0,45.0,75.0,54.0,
18040245,4.33,1.0,0.0,0.0,0.0,15.0,45.0,75.0,54.0,
18040245,1.36,1.0,91.0,91.0,0.06,15.0,45.0,75.0,54.0,
18040245,0.33,1.0,8.0,8.0,0.0,15.0,45.0,75.0,54.0,
18040245,0.07,1.0,0.0,0.0,0.01,15.0,45.0,75.0,54.0,
18040245,6.42,1.0,884.0,884.0,3.88,15.0,45.0,75.0,54.0,
18040245,4.24,1.0,981.0,982.0,4.22,15.0,45.0,75.0,54.0,
18040245,9.91,1.0,9932.0,9933.0,7.72,15.0,45.0,75.0,54.0,
18040245,9.5,1.0,965.0,967.0,3.32,15.0,45.0,75.0,54.0,
18040245,9.95,1.0,965.0,965.0,1.17,15.0,45.0,75.0,54.0,
18040245,3.26,1.0,980.0,981.0,3.22,15.0,45.0,75.0,54.0,
18040245,9.68,1.0,993.0,994.0,7.51,15.0,45.0,75.0,54.0,
18040245,4.84,1.0,6187.0,6188.0,4.33,15.0,45.0,75.0,54.0,
18040245,3.01,1.0,964.0,965.0,3.01,15.0,45.0,75.0,54.0,
18040245,2.9,1.0,963.0,963.0,2.9,15.0,45.0,75.0,54.0,
18040245,9.54,1.0,9978.0,9980.0,9.25,15.0,45.0,75.0,54.0,
18040245,8.28,1.0,9963.0,9965.0,7.81,15.0,45.0,75.0,54.0,
18040245,3.26,1.0,876.0,877.0,0.7,15.0,45.0,75.0,54.0,
18040245,1.79,1.0,994.0,994.0,1.67,15.0,45.0,75.0,54.0,
18040245,8.83,1.0,9989.0,9991.0,8.36,15.0,45.0,75.0,54.0,
18040245,6.88,1.0,964.0,964.0,5.09,15.0,45.0,75.0,54.0,
18040245,9.78,1.0,981.0,981.0,4.22,15.0,45.0,75.0,54.0,
18040245,9.99,1.0,9971.0,9975.0,8.81,15.0,45.0,75.0,54.0,
18040245,3.06,1.0,931.0,932.0,2.28,15.0,45.0,75.0,54.0,
18040245,2.25,1.0,960.0,960.0,2.0,15.0,45.0,75.0,54.0,
18040245,9.93,1.0,9937.0,9938.0,8.91,15.0,45.0,75.0,54.0,
18040245,8.29,1.0,9966.0,9968.0,8.09,15.0,45.0,75.0,54.0,
18040245,3.87,1.0,963.0,964.0,3.71,15.0,45.0,75.0,54.0,
18040245,9.93,1.0,9898.0,9899.0,9.92,15.0,45.0,75.0,54.0,
18040245,6.21,1.0,983.0,983.0,5.49,15.0,45.0,75.0,54.0,
18040245,6.69,1.0,859.0,858.0,3.5,15.0,45.0,75.0,54.0,
18040245,9.92,1.0,9909.0,9911.0,7.09,15.0,45.0,75.0,54.0,
18040245,7.93,1.0,982.0,981.0,4.28,15.0,45.0,75.0,54.0,
18040245,4.15,1.0,5697.0,5696.0,3.98,15.0,45.0,75.0,54.0,
18040245,2.2,1.0,956.0,956.0,1.69,15.0,45.0,75.0,54.0,
18040245,8.11,1.0,6974.0,6994.0,4.89,15.0,45.0,75.0,54.0,
18040245,9.97,1.0,45.0,45.0,0.03,15.0,45.0,75.0,54.0,
18040245,6.28,1.0,0.0,0.0,0.0,15.0,45.0,75.0,54.0,
18040245,9.93,1.0,0.0,0.0,0.0,15.0,45.0,75.0,54.0,
18040245,9.94,1.0,0.0,0.0,0.0,15.0,45.0,75.0,54.0,
18040245,0.5,1.0,0.0,0.0,0.0,15.0,45.0,75.0,54.0,
18040245,9.14,1.0,0.0,0.0,0.0,15.0,45.0,75.0,54.0,
18040245,9.95,1.0,970.0,971.0,0.75,15.0,45.0,75.0,54.0,
18040245,6.75,1.0,0.0,0.0,0.0,15.0,45.0,75.0,54.0,
18040245,7.27,1.0,475.0,475.0,0.34,15.0,45.0,75.0,54.0,
18040245,0.55,1.0,49.0,48.0,0.03,15.0,45.0,75.0,54.0,
18040245,9.97,1.0,9872.0,9873.0,9.09,15.0,45.0,75.0,54.0,
18040245,9.96,1.0,9911.0,9910.0,6.73,15.0,45.0,75.0,54.0,
18040245,9.28,1.0,981.0,981.0,6.42,15.0,45.0,75.0,54.0,
18040245,9.93,1.0,9888.0,9889.0,9.92,15.0,45.0,75.0,54.0,
18040245,9.93,1.0,941.0,941.0,4.72,15.0,45.0,75.0,54.0,
18040245,9.95,1.0,0.0,0.0,0.0,15.0,45.0,75.0,54.0,
18040245,9.95,1.0,9995.0,9996.0,8.19,15.0,45.0,75.0,54.0,
18040245,9.94,1.0,935.0,935.0,6.08,15.0,45.0,75.0,54.0,
18040245,6.66,1.0,9893.0,9894.0,7.35,15.0,45.0,75.0,54.0,
18040245,7.29,1.0,9935.0,9935.0,7.29,15.0,45.0,75.0,54.0,
18040245,9.98,1.0,960.0,961.0,6.25,15.0,45.0,75.0,54.0,
18040245,0.16,1.0,99.0,222.0,0.15,15.0,45.0,75.0,54.0,
18040245,9.98,1.0,9914.0,9914.0,7.71,15.0,45.0,75.0,54.0,
18040245,9.93,1.0,9928.0,9931.0,9.96,15.0,45.0,75.0,54.0,
18040245,9.95,1.0,9954.0,9954.0,9.72,15.0,45.0,75.0,54.0,
18040245,2.05,1.0,896.0,898.0,1.35,15.0,45.0,75.0,54.0,
18040245,9.92,1.0,9945.0,9943.0,7.13,15.0,45.0,75.0,54.0,
18040245,4.62,1.0,965.0,965.0,1.76,15.0,45.0,75.0,54.0,
18040245,8.96,1.0,983.0,983.0,2.83,15.0,45.0,75.0,54.0,
18040245,9.95,1.0,6410.0,6412.0,4.49,15.0,45.0,75.0,54.0,
18040245,2.39,1.0,954.0,954.0,2.38,15.0,45.0,75.0,54.0,
18040245,9.98,1.0,9900.0,9900.0,9.95,15.0,45.0,75.0,54.0,
18040245,9.95,1.0,4130.0,4131.0,2.77,15.0,45.0,75.0,54.0,
18040245,8.11,1.0,873.0,874.0,2.37,15.0,45.0,75.0,54.0,
18040245,2.47,1.0,971.0,971.0,1.08,15.0,45.0,75.0,54.0,
18040245,3.21,1.0,2377.0,2379.0,1.66,15.0,45.0,75.0,54.0,
18040245,4.3,1.0,982.0,981.0,2.83,15.0,45.0,75.0,54.0,
18040245,9.95,1.0,9920.0,9920.0,9.74,15.0,45.0,75.0,54.0,
18040245,6.98,1.0,6910.0,6909.0,4.83,15.0,45.0,75.0,54.0,
18040245,5.72,1.0,983.0,984.0,5.65,15.0,45.0,75.0,54.0,
18040245,9.6,1.0,9926.0,9926.0,8.66,15.0,45.0,75.0,54.0,
18040245,0.16,1.0,228.0,228.0,0.16,15.0,45.0,75.0,54.0,
18040245,4.96,1.0,904.0,905.0,4.14,15.0,45.0,75.0,54.0,
18040245,5.69,1.0,970.0,972.0,4.03,15.0,45.0,75.0,54.0,
18040245,3.19,1.0,4105.0,4107.0,2.87,15.0,45.0,75.0,54.0,
18040245,4.44,1.0,885.0,886.0,2.68,15.0,45.0,75.0,54.0,
18040245,5.31,1.0,965.0,965.0,5.21,15.0,45.0,75.0,54.0,
18040245,6.38,1.0,961.0,961.0,6.17,15.0,45.0,75.0,54.0,
18040245,0.24,1.0,351.0,351.0,0.24,15.0,45.0,75.0,54.0,
18040245,1.36,1.0,965.0,965.0,1.36,15.0,45.0,75.0,54.0,
18040245,9.98,1.0,9900.0,9900.0,9.98,15.0,45.0,75.0,54.0,
18040245,6.95,1.0,936.0,936.0,6.1,15.0,45.0,75.0,54.0,
18040245,0.59,1.0,842.0,842.0,0.58,15.0,45.0,75.0,54.0,
18040245,5.62,1.0,981.0,981.0,5.14,15.0,45.0,75.0,54.0,
18040245,9.93,1.0,9883.0,9885.0,9.54,15.0,45.0,75.0,54.0,
18040245,2.74,1.0,971.0,971.0,2.73,15.0,45.0,75.0,54.0,
18040245,9.95,1.0,9894.0,9895.0,9.93,15.0,45.0,75.0,54.0,
18040245,9.92,1.0,9936.0,9940.0,9.96,15.0,45.0,75.0,54.0,
18040245,8.83,1.0,9895.0,9895.0,8.56,15.0,45.0,75.0,54.0,
18040245,9.91,1.0,9930.0,9930.0,9.61,15.0,45.0,75.0,54.0,
18040245,9.98,1.0,9961.0,9963.0,9.95,15.0,45.0,75.0,54.0,
18040245,5.26,1.0,983.0,983.0,4.74,15.0,45.0,75.0,54.0,
18040245,6.56,1.0,8470.0,8472.0,5.93,15.0,45.0,75.0,54.0,
18040245,3.11,1.0,966.0,965.0,2.43,15.0,45.0,75.0,54.0,
18040245,1.44,1.0,96.0,96.0,1.44,15.0,45.0,75.0,54.0,
18040245,9.96,1.0,9962.0,9963.0,9.93,15.0,45.0,75.0,54.0,
18040245,9.96,1.0,6869.0,6869.0,9.98,15.0,45.0,75.0,54.0,
18040245,2.62,1.0,982.0,982.0,2.23,15.0,45.0,75.0,54.0,
18040245,9.6,1.0,9759.0,9761.0,7.45,15.0,45.0,75.0,54.0,
18040245,3.07,1.0,981.0,982.0,3.07,15.0,45.0,75.0,54.0,
18040245,7.34,1.0,9972.0,9972.0,7.31,15.0,45.0,75.0,54.0,
18040245,9.98,1.0,9592.0,9595.0,6.71,15.0,45.0,75.0,54.0,
18040245,3.52,1.0,945.0,945.0,2.98,15.0,45.0,75.0,54.0,
18040245,9.99,1.0,980.0,981.0,9.95,15.0,45.0,75.0,54.0,
18040245,2.27,1.0,94.0,94.0,2.27,15.0,45.0,75.0,54.0,
18040245,9.97,1.0,9910.0,9911.0,7.88,15.0,45.0,75.0,54.0,
18040245,2.74,1.0,3883.0,3883.0,2.71,15.0,45.0,75.0,54.0,
18040245,3.65,1.0,934.0,934.0,1.39,15.0,45.0,75.0,54.0,
18040245,0.07,1.0,0.0,0.0,0.0,15.0,45.0,75.0,54.0,
18040245,6.01,1.0,0.0,0.0,0.0,15.0,45.0,75.0,54.0,
18040245,2.02,1.0,0.0,0.0,0.0,15.0,45.0,75.0,54.0,
18040245,0.16,1.0,0.0,0.0,0.0,15.0,45.0,75.0,54.0,
18040245,2.62,1.0,9527.0,9529.0,6.67,15.0,45.0,75.0,54.0,
18040245,8.5,1.0,4.0,4.0,0.0,15.0,45.0,75.0,54.0,
18040245,9.98,1.0,0.0,0.0,0.0,15.0,45.0,75.0,54.0,
18040245,9.99,1.0,0.0,0.0,0.0,15.0,45.0,75.0,54.0,
18040245,6.86,1.0,0.0,0.0,0.0,15.0,45.0,75.0,54.0,
18040245,1.02,1.0,9.0,900.0,0.63,15.0,45.0,75.0,54.0,
18040245,0.07,1.0,0.0,0.0,0.0,15.0,45.0,75.0,54.0,
18040245,9.99,1.0,0.0,0.0,0.0,15.0,45.0,75.0,54.0,
18040245,9.92,1.0,0.0,0.0,0.0,15.0,45.0,75.0,54.0,
18040245,9.71,1.0,0.0,0.0,0.0,15.0,45.0,75.0,54.0,
18040245,9.99,1.0,0.0,0.0,0.0,15.0,45.0,75.0,54.0,
18040245,9.98,1.0,0.0,0.0,0.0,15.0,45.0,75.0,54.0,
18040245,1.88,1.0,0.0,0.0,0.0,15.0,45.0,75.0,54.0,
18040245,4.46,1.0,0.0,0.0,0.0,15.0,45.0,75.0,54.0,
18040245,1.81,1.0,0.0,0.0,0.0,15.0,45.0,75.0,54.0,
18040245,6.99,1.0,0.0,0.0,0.0,15.0,45.0,75.0,54.0,
18040245,2.23,1.0,968.0,968.0,2.04,15.0,45.0,75.0,54.0,
18040245,0.77,1.0,686.0,686.0,0.76,15.0,45.0,75.0,54.0,
18040245,9.93,1.0,950.0,951.0,3.94,15.0,45.0,75.0,54.0,
18040245,1.7,1.0,0.0,0.0,0.0,15.0,45.0,75.0,54.0,
18040245,0.26,1.0,8.0,8.0,0.13,15.0,45.0,75.0,54.0,
18040245,3.56,1.0,967.0,967.0,3.45,15.0,45.0,75.0,54.0,
18040245,4.33,1.0,0.0,0.0,0.0,15.0,45.0,75.0,54.0,
18040251,4.01,1.0,91.0,91.0,0.12,15.0,77.0,70.0,86.0,
18040251,0.53,1.0,64.0,64.0,0.22,15.0,77.0,70.0,86.0,
18040251,3.39,1.0,994.0,994.0,3.2,15.0,77.0,70.0,86.0,
18040251,4.7,1.0,94.0,93.0,3.2,15.0,77.0,70.0,86.0,
18040251,4.7,1.0,0.0,0.0,0.0,15.0,77.0,70.0,86.0,
18040251,2.15,1.0,98.0,98.0,1.6,15.0,77.0,70.0,86.0,
18040251,6.58,1.0,2240.0,2239.0,3.53,15.0,77.0,70.0,86.0,
18040251,6.58,1.0,998.0,998.0,3.53,15.0,77.0,70.0,86.0,
18040251,8.05,1.0,938.0,938.0,7.33,15.0,77.0,70.0,86.0,
18040251,8.05,1.0,83.0,82.0,7.33,15.0,77.0,70.0,86.0,
18040251,1.75,1.0,59.0,59.0,0.97,15.0,77.0,70.0,86.0,
18040251,4.21,1.0,427.0,427.0,0.97,15.0,77.0,70.0,86.0,
18040251,4.21,1.0,91.0,91.0,1.09,15.0,77.0,70.0,86.0,
18040251,3.35,1.0,979.0,987.0,2.53,15.0,77.0,70.0,86.0,
18040251,7.56,1.0,968.0,966.0,7.49,15.0,77.0,70.0,86.0,
18040251,7.56,1.0,963.0,963.0,7.49,15.0,77.0,70.0,86.0,
18040251,7.37,1.0,982.0,982.0,5.37,15.0,77.0,70.0,86.0,
18040251,4.36,1.0,984.0,984.0,3.08,15.0,77.0,70.0,86.0,
18040251,5.39,1.0,972.0,971.0,5.21,15.0,77.0,70.0,86.0,
18040251,6.7,1.0,998.0,998.0,6.62,15.0,77.0,70.0,86.0,
18040251,3.77,1.0,971.0,98.0,3.73,15.0,77.0,70.0,86.0,
18040251,9.13,1.0,975.0,974.0,8.73,15.0,77.0,70.0,86.0,
18040251,9.13,1.0,60.0,59.0,8.73,15.0,77.0,70.0,86.0,
18040251,4.86,1.0,993.0,992.0,4.17,15.0,77.0,70.0,86.0,
18040251,4.89,1.0,946.0,945.0,3.62,15.0,77.0,70.0,86.0,
18040251,4.89,1.0,987.0,987.0,4.1,15.0,77.0,70.0,86.0,
18040251,9.92,1.0,982.0,983.0,9.92,15.0,77.0,70.0,86.0,
18040251,6.42,1.0,976.0,976.0,6.1,15.0,77.0,70.0,86.0,
18040251,5.05,1.0,978.0,978.0,3.0,15.0,77.0,70.0,86.0,
18040251,3.09,1.0,48.0,48.0,3.08,15.0,77.0,70.0,86.0,
18040251,6.49,1.0,99.0,99.0,6.07,15.0,77.0,70.0,86.0,
18040251,6.93,1.0,955.0,956.0,6.08,15.0,77.0,70.0,86.0,
18040251,4.46,1.0,969.0,968.0,3.58,15.0,77.0,70.0,86.0,
18040251,5.23,1.0,973.0,972.0,5.19,15.0,77.0,70.0,86.0,
18040251,5.81,1.0,3628.0,3627.0,5.62,15.0,77.0,70.0,86.0,
18040251,6.4,1.0,983.0,983.0,6.34,15.0,77.0,70.0,86.0,
18040251,7.59,1.0,3928.0,3928.0,7.45,15.0,77.0,70.0,86.0,
18040254,1.7,1.0,0.0,0.0,0.0,15.0,68.0,81.0,77.0,
18040254,4.08,1.0,0.0,0.0,0.0,15.0,68.0,81.0,77.0,
18040254,9.7,1.0,0.0,0.0,0.0,15.0,68.0,81.0,77.0,
18040254,9.96,1.0,0.0,0.0,0.0,15.0,68.0,81.0,77.0,
18040254,9.95,1.0,0.0,0.0,0.01,15.0,68.0,81.0,77.0,
18040254,9.96,1.0,0.0,0.0,0.0,15.0,68.0,81.0,77.0,
18040254,9.97,1.0,0.0,0.0,0.02,15.0,68.0,81.0,77.0,
18040254,9.95,1.0,1.0,1.0,0.02,15.0,68.0,81.0,77.0,
18040254,9.95,1.0,0.0,0.0,0.0,15.0,68.0,81.0,77.0,
18040254,9.91,1.0,0.0,0.0,0.0,15.0,68.0,81.0,77.0,
18040254,9.95,1.0,0.0,0.0,0.01,15.0,68.0,81.0,77.0,
18040254,9.91,1.0,0.0,0.0,0.0,15.0,68.0,81.0,77.0,
18040254,2.82,1.0,0.0,0.0,0.0,15.0,68.0,81.0,77.0,
18040254,3.42,1.0,0.0,0.0,0.0,15.0,68.0,81.0,77.0,
18040254,3.42,1.0,0.0,0.0,0.0,15.0,68.0,81.0,77.0,
18040254,0.74,1.0,0.0,0.0,0.0,15.0,68.0,81.0,77.0,
18040254,3.86,1.0,0.0,0.0,0.0,15.0,68.0,81.0,77.0,
18040254,3.94,1.0,0.0,0.0,0.0,15.0,68.0,81.0,77.0,
19060324,1.13,1.0,9.0,33.0,0.11,15.0,37.0,161.0,46.0,
19060324,1.76,1.0,69.0,72.0,0.31,15.0,37.0,161.0,46.0,
19060324,1.76,1.0,69.0,72.0,0.31,15.0,37.0,161.0,46.0,
19060324,1.01,1.0,7.0,7.0,0.24,15.0,37.0,161.0,46.0,
19060324,1.01,1.0,83.0,93.0,0.25,15.0,37.0,161.0,46.0,
19060324,3.93,1.0,83.0,93.0,0.25,15.0,37.0,161.0,46.0,
19060324,3.93,1.0,93.0,96.0,0.23,15.0,37.0,161.0,46.0,
19060324,0.98,1.0,93.0,96.0,0.22,15.0,37.0,161.0,46.0,
19060324,0.33,1.0,18.0,18.0,0.06,15.0,37.0,161.0,46.0,
19060324,2.6,1.0,48.0,60.0,0.19,15.0,37.0,161.0,46.0,
19060324,2.6,1.0,5.0,60.0,0.19,15.0,37.0,161.0,46.0,
19060324,0.65,1.0,7.0,6.0,0.14,15.0,37.0,161.0,46.0,
19060324,2.18,1.0,65.0,68.0,0.23,15.0,37.0,161.0,46.0,
19060324,2.18,1.0,65.0,68.0,0.23,15.0,37.0,161.0,46.0,
19060324,1.27,1.0,5.0,5.0,0.01,15.0,37.0,161.0,46.0,
19060324,1.27,1.0,5.0,5.0,0.01,15.0,37.0,161.0,46.0,
19060324,1.0,1.0,67.0,73.0,0.23,15.0,37.0,161.0,46.0,
